concentration,center
0.008474576271186418, 1589.341463414634
0.24915254237288142, 1570.9512195121952
0.5, 1562.4634146341464
0.7508474576271187, 1545.4878048780488
1.0016949152542372, 1531.3414634146343


