concentration,width
0.0117647058823529, 12.209876543209877
0.25098039215686285, 18.185185185185183
0.5019607843137257, 20.185185185185183
0.7529411764705887, 18.185185185185183
1.0000000000000000, 12.209876543209877

