amplitude,center,FWHM,amplitude_err,center_err,FWHM_err
0.00047426453976749113,1534.0439377309053,18.256183885212383,0,0,0
