amplitude,center,FWHM,amplitude_err,center_err,FWHM_err
0.00045121373791559544,1528.0353909200144,19.063603733930325,0,0,0
