amplitude,center,FWHM,amplitude_err,center_err,FWHM_err
0.000587909308469426,1548.0185919395562,14.919648046286408,0,0,0
