amplitude,center,FWHM,amplitude_err,center_err,FWHM_err
0.0004539959030653939,1515.268396837995,18.598800895273396,0,0,0
