amplitude,center,FWHM,amplitude_err,center_err,FWHM_err
0.00045183453049586937,1518.4203517091498,18.732748083528634,0,0,0
