amplitude,center,FWHM,amplitude_err,center_err,FWHM_err
0.0005359082136453211,1501.531172584753,15.410989014766539,0,0,0
