amplitude,center,FWHM,amplitude_err,center_err,FWHM_err
0.0004910308407695776,1536.936079243608,17.6464582169069,0,0,0
