amplitude,center,FWHM,amplitude_err,center_err,FWHM_err
0.0006679690268107317,1494.6288771875525,12.204753059164632,0,0,0
