amplitude,center,FWHM,amplitude_err,center_err,FWHM_err
0.00047714305208919843,1534.0609155445975,18.106323716998748,0,0,0
