amplitude,center,FWHM,amplitude_err,center_err,FWHM_err
0.0005121238395682883,1539.7660014529517,16.96498206780009,0,0,0
