amplitude,center,FWHM,amplitude_err,center_err,FWHM_err
0.0006732100337185612,1553.2398845879381,13.073768259241465,0,0,0
