amplitude,center,FWHM,amplitude_err,center_err,FWHM_err
0.0005855711157218413,1498.0922854004755,14.029515865335668,0,0,0
