amplitude,center,FWHM,amplitude_err,center_err,FWHM_err
0.00047172161800794926,1508.451329252587,17.838349915494277,0,0,0
