amplitude,center,FWHM,amplitude_err,center_err,FWHM_err
0.0004517025337061293,1515.2419480137462,18.71772965906348,0,0,0
