amplitude,center,FWHM,amplitude_err,center_err,FWHM_err
0.0005917188756402408,1547.9647698608642,14.771646913301078,0,0,0
