amplitude,center,FWHM,amplitude_err,center_err,FWHM_err
0.0007237891124185454,1555.8382337847586,12.20489220945476,0,0,0
