amplitude,center,FWHM,amplitude_err,center_err,FWHM_err
0.0004553155445757203,1511.8560089946916,18.55475258959011,0,0,0
