amplitude,center,FWHM,amplitude_err,center_err,FWHM_err
0.0005349913148385168,1501.5404139215846,15.43750280606889,0,0,0
