amplitude,center,FWHM,amplitude_err,center_err,FWHM_err
0.0004409599987254196,1521.735410580788,19.38557606827981,0,0,0
