amplitude,center,FWHM,amplitude_err,center_err,FWHM_err
0.0005310985733799445,1542.613821638592,16.430922328352437,0,0,0
