amplitude,center,FWHM,amplitude_err,center_err,FWHM_err
0.000672507274652381,1553.231858511214,13.087290840814811,0,0,0
