amplitude,center,FWHM,amplitude_err,center_err,FWHM_err
0.0004441484599306111,1524.9506392180665,19.312094333511176,0,0,0
