amplitude,center,FWHM,amplitude_err,center_err,FWHM_err
0.00050147658887177,1504.985486392982,16.59488258066501,0,0,0
