amplitude,center,FWHM,amplitude_err,center_err,FWHM_err
0.0006296516438828076,1550.649605706013,13.932364198217313,0,0,0
