amplitude,center,FWHM,amplitude_err,center_err,FWHM_err
0.0004990409591049195,1536.8903021887859,17.327250226514668,0,0,0
