amplitude,center,FWHM,amplitude_err,center_err,FWHM_err
0.0005646251679408148,1545.3453968105634,15.423965368615292,0,0,0
