amplitude,center,FWHM,amplitude_err,center_err,FWHM_err
0.0005357115342246688,1501.5443766410258,15.42657322647077,0,0,0
