amplitude,center,FWHM,amplitude_err,center_err,FWHM_err
0.0004456290742066705,1518.5020741131455,19.055641975299398,0,0,0
