amplitude,center,FWHM,amplitude_err,center_err,FWHM_err
0.00045983828203561807,1511.9352025929297,18.336962315315954,0,0,0
