amplitude,center,FWHM,amplitude_err,center_err,FWHM_err
0.000452311041089399,1527.9683340553802,18.97606447786519,0,0,0
