amplitude,center,FWHM,amplitude_err,center_err,FWHM_err
0.0004654110593148974,1531.0519888314373,18.532677127182122,0,0,0
