amplitude,center,FWHM,amplitude_err,center_err,FWHM_err
0.0004734831549698066,1508.505118115019,17.73421360989502,0,0,0
