amplitude,center,FWHM,amplitude_err,center_err,FWHM_err
0.000449008104516884,1524.8859722815284,19.079318515935622,0,0,0
