amplitude,center,FWHM,amplitude_err,center_err,FWHM_err
0.000454979311958591,1511.8231666819825,18.61159517722465,0,0,0
