amplitude,center,FWHM,amplitude_err,center_err,FWHM_err
0.0004482399745726729,1515.1840594935902,18.887882713966356,0,0,0
