amplitude,center,FWHM,amplitude_err,center_err,FWHM_err
0.0005924000328849414,1548.0407193214364,14.7803318606549,0,0,0
