amplitude,center,FWHM,amplitude_err,center_err,FWHM_err
0.0004604335525898574,1527.978687199558,18.586030550385257,0,0,0
