amplitude,center,FWHM,amplitude_err,center_err,FWHM_err
0.0005098886941156802,1539.8288213893634,17.07206196546886,0,0,0
