amplitude,center,FWHM,amplitude_err,center_err,FWHM_err
0.0005563856749833563,1545.3722482356932,15.714743174008209,0,0,0
