amplitude,center,FWHM,amplitude_err,center_err,FWHM_err
0.0006704724929383661,1553.2485043933682,13.138792715364918,0,0,0
