amplitude,center,FWHM,amplitude_err,center_err,FWHM_err
0.0006293263931576054,1550.658953107305,13.944896978093524,0,0,0
