amplitude,center,FWHM,amplitude_err,center_err,FWHM_err
0.00044863971116448497,1518.5705949592912,18.941882419531627,0,0,0
