amplitude,center,FWHM,amplitude_err,center_err,FWHM_err
0.0005594039366539757,1545.364211562114,15.588691885352429,0,0,0
