amplitude,center,FWHM,amplitude_err,center_err,FWHM_err
0.0005002486449953367,1539.8918127788081,17.465528348737042,0,0,0
