amplitude,center,FWHM,amplitude_err,center_err,FWHM_err
0.0004378894074199507,1521.6659881460791,19.623965588380738,0,0,0
