amplitude,center,FWHM,amplitude_err,center_err,FWHM_err
0.0005289468503619683,1542.6904125293852,16.518592122003422,0,0,0
