amplitude,center,FWHM,amplitude_err,center_err,FWHM_err
0.0004721223391367224,1531.0191615417793,18.16609067703867,0,0,0
