amplitude,center,FWHM,amplitude_err,center_err,FWHM_err
0.0004466514164350253,1524.939726511263,19.175799268551295,0,0,0
