amplitude,center,FWHM,amplitude_err,center_err,FWHM_err
0.0004727548062330782,1508.381237077242,17.701292532606573,0,0,0
