amplitude,center,FWHM,amplitude_err,center_err,FWHM_err
0.0004975058999973065,1505.0031340826536,16.729432437040582,0,0,0
