amplitude,center,FWHM,amplitude_err,center_err,FWHM_err
0.00046034567778532415,1531.1244913208538,18.81443255179487,0,0,0
