amplitude,center,FWHM,amplitude_err,center_err,FWHM_err
0.0004894586528634764,1536.9640882129731,17.689648097379497,0,0,0
