amplitude,center,FWHM,amplitude_err,center_err,FWHM_err
0.0005877891972258539,1498.1029345013128,13.977604100230957,0,0,0
