amplitude,center,FWHM,amplitude_err,center_err,FWHM_err
0.0004998243563131045,1505.123699697824,16.652537701790813,0,0,0
