amplitude,center,FWHM,amplitude_err,center_err,FWHM_err
0.0005888580414315669,1498.0743818454102,13.923027889645653,0,0,0
