amplitude,center,FWHM,amplitude_err,center_err,FWHM_err
0.00044420018011378615,1521.679683321355,19.215644983752412,0,0,0
