amplitude,center,FWHM,amplitude_err,center_err,FWHM_err
0.0006297648564162127,1550.6724507653128,13.92886785962608,0,0,0
