amplitude,center,FWHM,amplitude_err,center_err,FWHM_err
0.00048278771890681666,1534.068335446949,17.848542931030245,0,0,0
