amplitude,center,FWHM,amplitude_err,center_err,FWHM_err
0.000526868090527599,1542.6683839621935,16.584560037677708,0,0,0
